{
  "parent": "item/handheld",
  "textures": {
    "layer0": "item/iron_sword"
  },
  "overrides": [
    {
      "predicate": {
        "custom_model_data": 123456
      },
      "model": "item/flame_sword"
    },
    {
      "predicate": {
        "custom_model_data": 123457
      },
      "model": "item/justice_sword"
    },
    {
      "predicate": {
        "custom_model_data": 123458
      },
      "model": "item/kindness_sword"
    },
    {
      "predicate": {
        "custom_model_data": 123459
      },
      "model": "item/rose_sword"
    },
    {
      "predicate": {
        "custom_model_data": 123433
      },
      "model": "item/time_sword"
    }
  ]
}
