{
  "textures": [
    "minecraft:particle/blackflashparticle"  // Reference to your custom texture
  ],
  "components": {
    "minecraft:emitter_lifetime_once": {
      "active_time": 10
    },
    "minecraft:particle_appearance_billboard": {
      "size": [0.2, 0.2],  // Adjust size based on how large you want your particle
      "facing_camera_mode": "look_at_camera"
    },
    "minecraft:particle_motion_param": {
      "motion": [0, 0.05, 0],  // Slight upward motion
      "direction": [0, 1, 0]  // Move particle upward
    }
  }
}
