{
  "custom.blackflash": {
    "sounds": [
      "custom/blackflash"
    ]
  },
  "custom.blackstrike": {
    "sounds": [
      "custom/blackstrike"
    ]
  },
  "custom.electricity": {
    "sounds": [
      "custom/electricity"
    ]
  },
  "custom.timestop": {
    "sounds": [
      "custom/timestop"
    ]
  },
  "custom.untimestop": {
    "sounds": [
      "custom/untimestop"
    ]
  },
  "custom.clocktick": {
    "sounds": [
      "custom/clocktick"
    ]
  }  
}

